{
  "version": "2.4.0-beta.0",
  "visualisation": {
    "nodes": [
      {
        "id": "n:4",
        "position": {
          "x": -161.8233123307186,
          "y": -99.83869942822105
        }
      },
      {
        "id": "n:5",
        "position": {
          "x": 247.95381206256698,
          "y": -106.63518523052389
        }
      },
      {
        "id": "n:7",
        "position": {
          "x": 18.39280520350121,
          "y": 62.493586560102244
        }
      }
    ]
  },
  "dataModel": {
    "version": "2.4.0-beta.0",
    "graphSchemaRepresentation": {
      "version": "1.0.0",
      "graphSchema": {
        "nodeLabels": [
          {
            "$id": "nl:4",
            "token": "Earthquake",
            "properties": [
              {
                "$id": "p:33",
                "token": "magnitude",
                "type": {
                  "type": "float"
                },
                "nullable": true
              },
              {
                "$id": "p:34",
                "token": "cdi",
                "type": {
                  "type": "integer"
                },
                "nullable": true
              },
              {
                "$id": "p:35",
                "token": "mmi",
                "type": {
                  "type": "integer"
                },
                "nullable": true
              },
              {
                "$id": "p:36",
                "token": "sig",
                "type": {
                  "type": "integer"
                },
                "nullable": true
              },
              {
                "$id": "p:37",
                "token": "nst",
                "type": {
                  "type": "integer"
                },
                "nullable": true
              },
              {
                "$id": "p:38",
                "token": "dmin",
                "type": {
                  "type": "float"
                },
                "nullable": true
              },
              {
                "$id": "p:39",
                "token": "gap",
                "type": {
                  "type": "float"
                },
                "nullable": true
              },
              {
                "$id": "p:40",
                "token": "depth",
                "type": {
                  "type": "float"
                },
                "nullable": true
              },
              {
                "$id": "p:41",
                "token": "latitude",
                "type": {
                  "type": "float"
                },
                "nullable": true
              },
              {
                "$id": "p:42",
                "token": "longitude",
                "type": {
                  "type": "float"
                },
                "nullable": true
              },
              {
                "$id": "p:43",
                "token": "Year",
                "type": {
                  "type": "integer"
                },
                "nullable": true
              },
              {
                "$id": "p:44",
                "token": "Month",
                "type": {
                  "type": "integer"
                },
                "nullable": true
              },
              {
                "$id": "p:45",
                "token": "tsunami",
                "type": {
                  "type": "boolean"
                },
                "nullable": true
              }
            ]
          },
          {
            "$id": "nl:5",
            "token": "Location",
            "properties": [
              {
                "$id": "p:56",
                "token": "latitude",
                "type": {
                  "type": "float"
                },
                "nullable": true
              },
              {
                "$id": "p:57",
                "token": "longitude",
                "type": {
                  "type": "float"
                },
                "nullable": true
              }
            ]
          },
          {
            "$id": "nl:7",
            "token": "TsunamiRisk",
            "properties": [
              {
                "$id": "p:46",
                "token": "Year",
                "type": {
                  "type": "integer"
                },
                "nullable": true
              },
              {
                "$id": "p:47",
                "token": "tsunami",
                "type": {
                  "type": "boolean"
                },
                "nullable": true
              }
            ]
          }
        ],
        "relationshipTypes": [
          {
            "$id": "rt:4",
            "token": "HAS_TSUNAMI_RISK",
            "properties": []
          },
          {
            "$id": "rt:5",
            "token": "OCCURRED_IN",
            "properties": []
          },
          {
            "$id": "rt:1",
            "token": "OCCURRED_IN",
            "properties": []
          },
          {
            "$id": "rt:2",
            "token": "HAS_TSUNANI_RISK",
            "properties": []
          }
        ],
        "nodeObjectTypes": [
          {
            "$id": "n:4",
            "labels": [
              {
                "$ref": "#nl:4"
              }
            ]
          },
          {
            "$id": "n:5",
            "labels": [
              {
                "$ref": "#nl:5"
              }
            ]
          },
          {
            "$id": "n:7",
            "labels": [
              {
                "$ref": "#nl:7"
              }
            ]
          }
        ],
        "relationshipObjectTypes": [
          {
            "$id": "r:4",
            "type": {
              "$ref": "#rt:4"
            },
            "from": {
              "$ref": "#n:4"
            },
            "to": {
              "$ref": "#n:7"
            }
          },
          {
            "$id": "r:5",
            "type": {
              "$ref": "#rt:5"
            },
            "from": {
              "$ref": "#n:4"
            },
            "to": {
              "$ref": "#n:5"
            }
          },
          {
            "$id": "r:1",
            "type": {
              "$ref": "#rt:1"
            },
            "from": {
              "$ref": "#n:5"
            },
            "to": {
              "$ref": "#n:4"
            }
          },
          {
            "$id": "r:2",
            "type": {
              "$ref": "#rt:2"
            },
            "from": {
              "$ref": "#n:7"
            },
            "to": {
              "$ref": "#n:4"
            }
          }
        ],
        "constraints": [
          {
            "$id": "c:4",
            "name": "magnitude_Earthquake_uniq",
            "constraintType": "uniqueness",
            "entityType": "node",
            "nodeLabel": {
              "$ref": "#nl:4"
            },
            "properties": [
              {
                "$ref": "#p:33"
              }
            ]
          },
          {
            "$id": "c:5",
            "name": "latitude_Location_uniq",
            "constraintType": "uniqueness",
            "entityType": "node",
            "nodeLabel": {
              "$ref": "#nl:5"
            },
            "properties": [
              {
                "$ref": "#p:56"
              }
            ]
          },
          {
            "$id": "c:1",
            "name": "tsunami_TsunamiRisk_uniq",
            "constraintType": "uniqueness",
            "entityType": "node",
            "nodeLabel": {
              "$ref": "#nl:7"
            },
            "properties": [
              {
                "$ref": "#p:47"
              }
            ]
          }
        ],
        "indexes": []
      }
    },
    "graphSchemaExtensionsRepresentation": {
      "nodeKeyProperties": [
        {
          "node": {
            "$ref": "#n:4"
          },
          "keyProperty": {
            "$ref": "#p:33"
          }
        },
        {
          "node": {
            "$ref": "#n:5"
          },
          "keyProperty": {
            "$ref": "#p:56"
          }
        },
        {
          "node": {
            "$ref": "#n:7"
          },
          "keyProperty": {
            "$ref": "#p:47"
          }
        }
      ]
    },
    "graphMappingRepresentation": {
      "dataSourceSchema": {
        "type": "local",
        "tableSchemas": [
          {
            "name": "earthquake_data_tsunami.csv",
            "expanded": true,
            "fields": [
              {
                "name": "magnitude",
                "sample": "7",
                "recommendedType": {
                  "type": "float"
                }
              },
              {
                "name": "cdi",
                "sample": "8",
                "recommendedType": {
                  "type": "integer"
                }
              },
              {
                "name": "mmi",
                "sample": "7",
                "recommendedType": {
                  "type": "integer"
                }
              },
              {
                "name": "sig",
                "sample": "768",
                "recommendedType": {
                  "type": "integer"
                }
              },
              {
                "name": "nst",
                "sample": "117",
                "recommendedType": {
                  "type": "integer"
                }
              },
              {
                "name": "dmin",
                "sample": "0.509",
                "recommendedType": {
                  "type": "float"
                }
              },
              {
                "name": "gap",
                "sample": "17",
                "recommendedType": {
                  "type": "float"
                }
              },
              {
                "name": "depth",
                "sample": "14",
                "recommendedType": {
                  "type": "float"
                }
              },
              {
                "name": "latitude",
                "sample": "-9.7963",
                "recommendedType": {
                  "type": "float"
                }
              },
              {
                "name": "longitude",
                "sample": "159.596",
                "recommendedType": {
                  "type": "float"
                }
              },
              {
                "name": "Year",
                "sample": "2022",
                "recommendedType": {
                  "type": "integer"
                }
              },
              {
                "name": "Month",
                "sample": "11",
                "recommendedType": {
                  "type": "integer"
                }
              },
              {
                "name": "tsunami",
                "sample": "1",
                "recommendedType": {
                  "type": "boolean"
                }
              }
            ]
          }
        ]
      },
      "nodeMappings": [
        {
          "node": {
            "$ref": "#n:4"
          },
          "tableName": "earthquake_data_tsunami.csv",
          "propertyMappings": [
            {
              "fieldName": "magnitude",
              "property": {
                "$ref": "#p:33"
              }
            },
            {
              "fieldName": "cdi",
              "property": {
                "$ref": "#p:34"
              }
            },
            {
              "fieldName": "mmi",
              "property": {
                "$ref": "#p:35"
              }
            },
            {
              "fieldName": "sig",
              "property": {
                "$ref": "#p:36"
              }
            },
            {
              "fieldName": "nst",
              "property": {
                "$ref": "#p:37"
              }
            },
            {
              "fieldName": "dmin",
              "property": {
                "$ref": "#p:38"
              }
            },
            {
              "fieldName": "gap",
              "property": {
                "$ref": "#p:39"
              }
            },
            {
              "fieldName": "depth",
              "property": {
                "$ref": "#p:40"
              }
            },
            {
              "fieldName": "latitude",
              "property": {
                "$ref": "#p:41"
              }
            },
            {
              "fieldName": "longitude",
              "property": {
                "$ref": "#p:42"
              }
            },
            {
              "fieldName": "Year",
              "property": {
                "$ref": "#p:43"
              }
            },
            {
              "fieldName": "Month",
              "property": {
                "$ref": "#p:44"
              }
            },
            {
              "fieldName": "tsunami",
              "property": {
                "$ref": "#p:45"
              }
            }
          ]
        },
        {
          "node": {
            "$ref": "#n:5"
          },
          "tableName": "earthquake_data_tsunami.csv",
          "propertyMappings": [
            {
              "fieldName": "latitude",
              "property": {
                "$ref": "#p:56"
              }
            },
            {
              "fieldName": "longitude",
              "property": {
                "$ref": "#p:57"
              }
            }
          ]
        },
        {
          "node": {
            "$ref": "#n:7"
          },
          "tableName": "earthquake_data_tsunami.csv",
          "propertyMappings": [
            {
              "fieldName": "Year",
              "property": {
                "$ref": "#p:46"
              }
            },
            {
              "fieldName": "tsunami",
              "property": {
                "$ref": "#p:47"
              }
            }
          ]
        }
      ],
      "relationshipMappings": [
        {
          "relationship": {
            "$ref": "#r:4"
          },
          "tableName": "earthquake_data_tsunami.csv",
          "propertyMappings": [],
          "fromMapping": {
            "fieldName": "magnitude"
          },
          "toMapping": {
            "fieldName": "tsunami"
          }
        },
        {
          "relationship": {
            "$ref": "#r:5"
          },
          "tableName": "earthquake_data_tsunami.csv",
          "propertyMappings": [],
          "fromMapping": {
            "fieldName": "magnitude"
          },
          "toMapping": {
            "fieldName": "latitude"
          }
        },
        {
          "relationship": {
            "$ref": "#r:1"
          },
          "tableName": "earthquake_data_tsunami.csv",
          "propertyMappings": [],
          "fromMapping": {
            "fieldName": "latitude"
          },
          "toMapping": {
            "fieldName": "magnitude"
          }
        },
        {
          "relationship": {
            "$ref": "#r:2"
          },
          "tableName": "earthquake_data_tsunami.csv",
          "propertyMappings": [],
          "fromMapping": {
            "fieldName": "tsunami"
          },
          "toMapping": {
            "fieldName": "magnitude"
          }
        }
      ]
    },
    "configurations": {
      "idsToIgnore": []
    }
  }
}